id,nombreTutor,dniTutor,email,codigoCentro
1,Marni,2658867042,mpaye0@multiply.com,55
2,Konstantine,9096474562,kglossop1@slate.com,51864
3,Rutger,3449539264,rskellington2@nbcnews.com,843
4,Fanny,7752682764,fhellsdon3@jugem.jp,7908
5,Lisabeth,2611117640,ltucker4@reuters.com,9030
6,Em,4513157038,eklisch5@mozilla.com,442
7,Gustavo,3813817938,gapark6@mapquest.com,843
8,Muire,8003801141,mdow7@tripod.com,318
9,Brynn,0534645550,bstegers8@statcounter.com,843
10,Vanni,8154717638,vbumby9@newyorker.com,843
